{"cameraMode":{"drawMode":0,"name":"Shaded","section":"Shading Mode"},"sceneLighting":false,"audioPlay":false,"sceneViewState":{"showFog":true,"showMaterialUpdate":false,"showSkybox":true,"showFlares":true,"showImageEffects":true,"showParticleSystems":true},"in2DMode":false,"pivot":{"x":-1.4901161193847657e-8,"y":0.21091718971729279,"z":0.0009999722242355347},"rotation":{"x":-0.0465458445250988,"y":0.8785942196846008,"z":-0.08754123747348786,"w":-0.4671640694141388},"size":1.061876893043518,"orthographic":false}